Company,Position,Pay range,Notes,Date
,"Updated on August 29, 2026",,,
AC,Line Producer (2D),"93,600 - 130,000",TV,nov 2025
AC,Senior Production Coordinator,"65,000 - 70,200",TV,jun 2025
AC,Production Coordinator,"57,200 - 70,200",TV,apr 2026
AC,2D Design Supervisor,"104,000 - 119,600",TV,apr 2026
AC,2D Character Designer,"67,600 - 88,400",TV,aug 2026
AC,2D Designer,"72,800 - 83,200",TV,aug 2026
AC,2D Flash/Animator,"52,000 - 67,600",TV,oct 2025
AC,CG Senior Designer,"72,800 - 83,200",TV,jul 2024
AC,CG Designer,"49,400 - 72,800",TV,jul 2024
AC,CG Storyboard Artist,"78,000 - 88,400",TV,jun 2025
AC,CG Modeling Lead,"88,400 - 98,800",TV,nov 2023
AC,CG Senior Modeling Artist,"75,400 - 83,200",TV,sept 2024
AC,CG Modeling Artist (3 Month Contract),"520,000 - 78,000",TV,jul 2026
AC,CG Senior Look Development Artist,"75,400 - 85,800",TV,jan 2024
AC,CG Look Development Artist,"52,000 - 83,200",TV,nov 2023
AC,CG Senior Texturing Artist,"72,800 - 83,200",TV,jul 2024
AC,CG Texturing Artist,"46,800 - 72,800",TV,jul 2024
AC,CG Rigging Supervisor,"91,000 - 104,000",TV,jul 2024
AC,CG Lead Rigging Artist,"88,400 - 98,800",TV,nov 2023
AC,CG Senior Rigging Artist (2 Month Contract),"83,200 - 88,400",TV,jul 2024
AC,CG Rigging Artist (2 Month Contract),"67,000 - 83,200",TV,aug 2026
AC,CG Senior Matte Paiainter,"91,000 - 104,000",TV,apr 2026
AC,CG Matte Painter,"78,000 - 93,600",TV,apr 2026
AC,Unreal Previs and Layout Supervisor,"114,400 - 124,800",TV,aug 2026
AC,CG Senior Layout Artist,"88,400 - 98,800",TV,mar 2024
AC,CG Layout Artist,"62,400 - 75,400",TV,aug 2026
AC,CG Junior Layout Artist,"52,000 - 59,800",TV,apr 2026
AC,"Unreal Previs Artist, CG","62,400 - 88,400",TV,sept 2025
AC,Lead Animator,"78,000 - 88,400",TV,sept 2024
AC,CG Animator,"62,400 - 72,800",TV,jan 2026
AC,Unreal Animator,"52,000 - 85,800",TV,oct 2025
AC,CG Lead FX Artist,"91,000 - 106,000",TV,aug 2024
AC,CG FX Artist,"67,600 - 78,000",TV,sept 2025
AC,CG Junior FX Artist,"52,000 - 57,200",TV,aug 2025
AC,CG Senior Lighting/Compositing Artist,"83,200 - 96,200",TV,jan 2025
AC,CG Lighting/Compositing Artist,"52,000 - 91,000",TV,feb 2026
AC,CG Motion Graphics Artist,"72,800 - 78,000",TV,nov 2025
AC,CG Core Pipeline Developer ,"120,000 - 150,000",TV,jun 2025
AC,Senior Pipeline Developer,"93,600 - 109,200",TV,apr 2024
AC,CG Asset TD,"78,000 - 88,400",TV,jun 2024
AC,Unreal CG Supervisor,"114,400 - 143,000",TV,aug 2026
AC,Unreal Generalist,"62,400 - 88,400",TV,sept 2025
BDL,Producer Senior,"135,200 - 166,400",Feature,nov 2023
BDL,Production Manager,"88,400 - 114,400",Feature,nov 2023
BDL,Production Manager,"72,800 - 85,800",TV,jan 2026
BDL,Associate Production Manager,"83,200 - 93,600",Feature,jan 2025
BDL,Production Coordinator,"62,400 - 67,600",Feature,oct 2024
BDL,CG Supervisor,"114,400 - 130,000",TV,mar 2025
BDL,Art Director (short contract),"98,800 - 109,200",TV,jul 2025
BDL,Designer,"57,200 - 98,800",TV,oct 2025
BDL,Colour Key Artist (short contract),"62,400 - 72,800",TV,jul 2025
BDL,Character Designer (short contract),"67,600 - 83,200",TV,jul 2025
BDL,Location Designer (short contract),"57,200 - 83,200",TV,jul 2025
BDL,Series Director,"130,000 - 145,600",TV,mar 2025
BDL,Storyboard Director,"114,400 - 124,800",TV,mar 2025
BDL,Storyboard Supervisor,"114,400 - 124,800",TV,sept 2025
BDL,Storyboard Artist,"67,600 - 104,000",TV,apr 2025
BDL,Modeling Lead,"114,400 - 135,200",Feature,nov 2023
BDL,3D Modeling Lead,"88,400 - 98,800",TV,apr 2025
BDL,3D Senior Character Modeler,"75,400 - 88,400",TV,oct 2025
BDL,Character Modeler Senior,"83,200 - 130,000",Feature,nov 2023
BDL,Environment Modeler Senior,"85,800 - 114,400",Feature,nov 2023
BDL,Environment Modeler ,"72,800 - 83,200",Feature,nov 2023
BDL,Senior Organic Modeler ,"88,400 - 104,000",Feature,apr 2024
BDL,Lead Surfacing Artist,"88,400 - 98,800",TV,apr 2025
BDL,Character Texturing Lead,"114,400 - 135,200",Feature,nov 2023
BDL,Character Texturing Artist Senior,"85,800 - 114,400",Feature,nov 2023
BDL,Environment Surfacing Lead,"114,400 - 135,200",Feature,nov 2023
BDL,Environment Surfacing Artist Senior,"80,600 - 109,200",Feature,nov 2023
BDL,Environment Surfacing Artist,"78,000 - 88,400",Feature,nov 2023
BDL,Texture Artist,"62,400 - 72,800",TV,apr 2024
BDL,Surfacing Artist,"67,600 - 88,400",TV,jun 2025
BDL,Lookdev Artist,"78,000 - 93,600",Feature,sept 2025
BDL,Surfacing Artist (Look Dev),"70,200 - 78,000",Feature,feb 2026
BDL,Groom Lead,"93,600 - 104,000",TV,apr 2025
BDL,Groom Artist,"67,600 - 93,600",TV,apr 2025
BDL,Rigging Lead,"119,700 - 140,400",Feature,nov 2023
BDL,Rigging Lead,"93600 - 104,000",TV,apr 2025
BDL,Facial Rigger,"78,000 - 93,600",Feature,mar 2024
BDL,Rigger (Facial) ,"78,000 - 114,400",Feature,sept 204
BDL,Senior Rigging Artist,"78,000 - 85,800",TV,jul 2025
BDL,Rigging Artist,"62,400 - 88,400",TV,sept 2025
BDL,Rigging Artist,"83.200 - 104,000",Feature,apr 2025
BDL,DMP Lead,"104,000 - 130,000",Feature,nov 2024
BDL,DMP Senior Artist,"88,400 - 109,200",Feature,jan 2026
BDL,Previs/ Layout Supervisor,"130,000 - 145,600",Feature,aug 2024
BDL,Rough Layout Artist Senior,"85,800 - 104,000",Feature,mar 2024
BDL,Rough Layout Artist (Intermediate),"70,200 - 85,800",Feature,oct 2024
BDL,Rough Layout Artist ,"70,200 - 85,800",Feature,mar 2024
BDL,Senior Final Layout Artist,"88,400 - 104,000",Feature,oct 2025
BDL,Final Layout Artist,"78,000 - 93,600",Feature,nov 2024
BDL,Layout Artist,"67,600 - 79,040",TV,jul 2025
BDL,Set Dressing,"72,800 - 83,200",Feature,apr 2026
BDL,3D Animation Supervisor ,"145,600 - 161,200",Feature,jun 2025
BDL,Lead Animator,"114,400 - 130,000",Feature,mar 2024
BDL,Senior Animator ,"93,600 - 114,400",Feature,aug 2026
BDL,Animation Lead,"88,400 - 98,800",TV,oct 2025
BDL,Animation Senior Artist ,"83,200 - 93,600",TV,jul 2026
BDL,3D Animator,"57,200 - 78,000",TV,jan 2026
BDL,Animator,"67,600 - 83,200",TV,oct 2024
BDL,Animator ,"86,400 - 109,200",Feature ,oct 2024
BDL,Animation TA,"72,800 - 78,000",Feature,jul 2026
BDL,Shot Finaling Artist,"52,000 - 72,800",TV,dec 2024
BDL,QC Artist,"62,400 - 78,000",Feature,dec 2024
BDL,Crowd Supervisor - Houdini,"98,800 - 109,200",TV,jan 2026
BDL,Crowd Animation Artist,"70,200 - 78,000",TV,jul 2026
BDL,CFX Houdini Lead,"119,600 - 135,200",Feature,apr 2024
BDL,CFX Houdini Artist,"72,800 - 104,000",Feature,nov 2025
BDL,Grooming Artist,"72,800 - 93,600",Feature,jan 2024
BDL,Groom Artist (Houdini),"57,200 - 83,200",TV,oct 2025
BDL,FX Look Dev Artist,"78,000 - 93,600",Feature,feb 2025
BDL,Lighting Supervisor,"104,000 - 124,800",Feature,may 2026
BDL,Lighting Artist,"83.200 - 104,000",TV,apr 2026
BDL,Lighting TA,"72,800 - 78,000",Feature,oct 2025
BDL,Animation TD,"72,800 - 91,000",Feature,jan 2024
BDL,Asset TD,"83,200 - 124,800",Feature,jan 2024
BDL,CFX Pipeline TD,"83,200 - 124,800",Feature,jan 2024
BDL,Layout TD,"83,200 - 124,800",Feature,mar 2024
BDL,Senior Pipeline TD,"90,000 - 110,000",TV,jun 2024
BDL,Pipeline TD,"100,000 - 125,000",TV,aug 2026
BDL,System Administrator,"80,000 - 95,000",TV,nov 2024
BDL,CG Generalist (Blender),"78,000 - 109,200",TV,apr 2025
BDL,Editor,"83,200 - 96,200",TV,jul 2025
BARN,Compositor MID/SR,"72,800 - 124,800",Feature,jan 2024
CS,Senior Animator ,"90,000 - 120,000",Feature,may 2026
CS,Senior FX Artist,"100,000 - 120,000",Feature,may 2026
CS,Senior Lighting-Compositing Artist ,"85,000 - 115,000",Feature,may 2026
COSA,VFX Production Coordinator,"52,000 - 72,800",Feature,sept 2024
DD,VFX Producer,"120,000 - 195,000",Feature,mar 2025
DD,Production Coordinator ,"41,600 - 62,400",Feature,mar 2025
DD,Assets Supervisor,"124,800 - 176,800",Feature,mar 2025
DD,Creature Supervisor,"124,800 - 176,800",Feature,may 2025
DD,Model Lead ,"99,840 - 156,000",Feature,mar 2025
DD,Modeler,"52,000 - 135,200",Feature,mar 2025
DD,Lookdev Lead ,"99,840 - 156,000",Feature,mar 2025
DD,Lookdev Artist,"79,040 - 135,200",Feature,mar 2025
DD,Texture Artist,"52,000 - 135,200",Feature,mar 2025
DD,Animation Supervisor,"124,800 - 176,800",Feature,mar 2025
DD,Animator,"79,040 - 124,800",Feature,mar 2025
DD,Crowd Artist ,"79,040 - 135,200",Feature,mar 2025
DD,CFX Artist,"79,040 - 135,200",Feature,jan 2024
DD,FX Development Artist,"114,400 - 156,000",Feature,mar 2025
DD,FX Artist,"79,040 - 135,200",Feature,mar 2025
DD,Lighting Artist,"79,040 - 135,200",Feature,mar 2025
DD,Environments Artist,"79,040 - 135,200",Feature,mar 2025
DD,Compositing Lead,"114,400 - 156,000",Feature,mar 2025
DD,Compositing Senior,"114,400 - 135,200",Feature,mar 2025
DD,FX Pipeline Supervisor,"70,000 - 175,000",Feature,mar 2025
DD,Pipeline TD,"93,600 - 135,200",Feature,mar 2025
DNEG,VFX Producer,"140,000 - 175,000",Feature,oct 2025
DNEG,Head Resourcing,"130,000 - 140,000",Feature,oct 2025
DNEG,Line Producer,"70,000 - 88,000",Feature,nov 2024
DNEG,Show Production Manager,"70,000 - 105,000",Feature,oct 2025
DNEG,Production Supervisor ,"71,600 - 132,000",Feature,aug 2024
DNEG,Production Coordinator,"52,000 - 78,000",Feature,aug 2024
DNEG,Production Technology Project Manager,"80,000 - 100,000",Feature,apr 2026
DNEG,CG Character Supervisor ,"145,00 - 185,000",Feature,oct 2024
DNEG,Senior Modeler,"110,000 - 165,000",Feature,nov 2024
DNEG,Organic Modeller,"92,000 - 138,000",Feature,jul 2024
DNEG,Organic Modeller (Facial),"92,000 - 138,000",Feature,jul 2024
DNEG,Modeler,"45,000 - 60,000",Feature,may 2025
DNEG,Lookdev Supervisor,"125,000 - 175,000",Feature,oct 2025
DNEG,Look Development Technical Supervisor ,"160,000 - 180,000",Feature ,oct 2024
DNEG,Texture TD,"75,000 - 100,000",Feature,nov 204
DNEG,Lookdev TD,"92,000 - 130,000",Feature,apr 2026
DNEG,Unreal Rigging Supervisor,"120,000 - 175,000",Feature,aug 2026
DNEG,Facial Rigger,"120,000 - 138,000",Feature,jul 2024
DNEG,Groom TD,"92,000 - 138,000",Feature,jul 2024
DNEG,Creature TD - CFX ,"90,000 - 130,00",Feature ,apr 2026
DNEG,Animator,"92,000 - 145,000",Feature,oct 2025
DNEG,Crowd TD,"92,000 - 130,00",Feature,oct 2025
DNEG,FX Supervisor,"150,000 - 175,000",Feature,oct 2025
DNEG,CG FX Technical Supervisor ,"150,000 - 175,000",Feature,feb 2025
DNEG,FX TD,"92,000 - 138,000",Feature,aug 2025
DNEG,Ziva FX,"120,000 - 130,000",Feature,oct 2025
DNEG,Lighting TD,"92,000 - 130,000",Feature,may 2026
DNEG,Environment Generalist Technical Supervisor,"145,000 - 175,000",Feature,sept 2024
DNEG,Environment Generalist TD ,"92,000 - 130,000",Feature,oct 2025
DNEG,"Senior Compositor, LookDev","100,000 - 145,000",Feature,apr 2026
DNEG,"Lead Software Developer, Ziva Realtime","140,000 - 175,000",Feature,nov 2024
DNEG,Pipeline Supervisor,"150,000 - 164,000",Feature,apr 2026
DNEG,Pipeline TD,"85,000 - 100,000",Feature,apr 2026
DNEG,Software Developer - Houdini ,"75,000 - 84,000",Feature,apr 2026
DNEG,Assistant Technical Director (ATD) ,"75,000 - 84,000",Feature,apr 2026
EPIC,Art Director,"212,117 - 311,104 ",Games,mar 2025
EPIC,Character Concept Outsource Lead,"153,996 - 225,861",Games,dec 2024
EPIC,Senior Character Concept Artist,"153,996 - 225,861",Games,dec 2024
EPIC,Concept Artist,"115,700 - 169,69",Games,mar 2025
EPIC,"Senior Technical Artist, LEGO Fortnite","160,429 - 235,296",Ganes,dec 2024
EMBS,VFX Production Coordinator,"48,443.20 - 65,540.80",Ads,oct 2025
EMBS,Senior Lookdev Artist,"90,480 - 116,480",Ads,jan 2025
EMBS,Mid to Senior LookDev Artist,"66996.80 - 116,480",Ads,oct 2025
EMBS,Animator,"66,560 - 93,600",Ads,oct 2024
EMBS,Senior Animator,"87,360 - 99,840",Ads,aug 2025
EMBS,Mid to Senior Animator,"66,560 - 99,840",Ads,oct 2025
EMBS,Lead FX Artist,"131,248 - 177,590.40",Ads,oct 2025
EMBS,FX Artist,"101,920 - 130,000 ",Ads,dec 2024
EMBS,Senior FX Artist,"101,920 - 130,000 ",Ads,aug 2025
EMBS,Senior Lighting Artist,"90,480 - 116,480",Ads,jan 2025
EMBS,Mid & Senior Lighting Artist,"60,320 - 116,480",Ads,aug 2025
EMBS,Senior Assets Generalist,"81,120 - 108,160",Ads,aug 2025
EMBS,Mid & Senior Compositor,"79,040 - 116,480",Ads,oct 2025
EMBS,Compositor - Mid,"79,040 - 99,840",Ads,mar 2025
EMBS,Compositor,"58,240 - 116,480",Ads,dec 2024
EMBS,Senior DMP Artist,"97,760 - 112,320",Ads,jan 2025
EMBS,3D Generalist,"66,560 - 104,000",Ads,oct 2024
EMBS,Pipeline TD,"60,008 - 100,006.40",Ads,feb 2025
EMBS,Pipeline Developer,"60,008 - 100,006.40",Ads,oct 2025
EYE,"Senior Manager, Production Finance Systems & Workflows","160,000 - 200,000",Feature,oct 2025
EYE,"Manager, VFX Production Finance","120,000 - 165,000",Feature,oct 2025
EYE,Crew Manager,"75,000 - 115,000",Feature,oct 2025
EYE,Director of VFX Production,"187,000 - 300,000",Feature,oct 2025
EYE,Studio Operations and Production Management,"70,000 - 125,000",Feature,oct 2025
EYE,Production Coordinator,"48,000 - 75,000",Feature,oct 2025
EYE,CG Supervisor,"157,000 - 200,000",Feature,jan 2026
EYE,Modeler,"63.000 - 136,000",Feature,jan 2026
EYE,Surfacing/Lookdev Artist,"82,000 - 135,000",Feature,jan 2026
EYE,Rigger (Facial) ,"78,000 - 136,000",Feature,jan 2026
EYE,Matte Painter Supervisor,"150,000 - 170,000",Feature,oct 2025
EYE,Matte Painter,"90,000 - 130,000",Feature,jan 2026
EYE,Layout Artist,"80,000 - 98,000",Feature,jan 2026
EYE,Lead Environment Generalist,"135,000 - 155,000",Feature,oct 2025
EYE,Environment TD,"100,000 - 130,000",Feature,oct 2025
EYE,Environment Artist,"90,000 - 125,000",Feature,jan 2026
EYE,Senior Animator,"65,000 - 133,000",Feature,jan 2026
EYE,Crowd Supervisor ,"173,000 - 195,000",Feature,oct 2025
EYE,Lead Crowd Artist,"140,000 - 160,000",Feature,jan 2026
EYE,Crowd Artist,"105,000 - 136,000",Feature,jan 2026
EYE,CFX Artist,"70,000 - 120,000",Feature,jan 2026
EYE,FX Artist,"135,000 - 167,000",Feature,jan 2026
EYE,Houdini FX Artist,"135,000 - 160,000",Feature,oct 2025
EYE,Lead Lighting Artist,"143,000 - 167,000",Feature,oct 2025
EYE,Visual Pioneering Artist,"80,000 - 180,000",Feature,apr 2026
EYE,Lead Compositor,"100,000 - 150,000",Feature,aug 2026
EYE,Compositor,"100,000 - 130,000",Feature,jan 2026
EYE,R&D Engineer,"130,000 - 200,000",Feature,aug 2026
EYE,"Senior Software Engineer, Creative Innovation","110,000 - 210,000",Feature,oct 2025
EYE,"Senior Software Engineer, Maya","110,000 - 210,000",Feature,oct 2025
EYE,"Lead Software Engineer, Nuke","150,000 - 185,000",Feature,aug 2026
EYE,"Senior Software Engineer, Houdini","150,000 - 210,000",Feature,aug 2026
EYE,"Senior Software Engineer, Web services","120,000 - 180,000",Feature,oct 2025
EYE,Senior DevOps Release Engineer ,"130,000 - 190,000",Feature,aug 2026
EYE,Principal Software Engineer (Platform) ,"187,000 - 250.000",Feature,aug 2026
ICN,Post-Production Supervisor (On-Site),"80,000 - 110,000",TV,dec 2024
ICN,Post-Production Coordinator (On-Site),"60,000 - 65,000",TV,nov 2024
ICN,Production Manager (On-Site),"70 000 - 100,000",TV,jul 2026
ICN,Production Coordinator (On-Site),"63,238.50 - +",TV,feb 2026
ICN,Art Director (On-Site),"90,000 - 120,000",TV,jul 2026
ICN,CG Art Director,"75,000 - 160,000",TV,nov 2023
ICN,Senior Designer/Concept Artist (On-Site),"72,657 - +",TV,aug 2026
ICN,Intermediate & Senior Designer/Concept Artist (On-Site),"67,275 - +",TV,aug 2026
ICN,Junior Designer/Concept Artist (On-Site),"61,893 - +",TV,jul 2026
ICN,Senior Storyboard Artist (On-Site),"85,842.90 - +",TV,jul 2026
ICN,Senior Matte Painter,"72,657 - +",TV,jul 2026
ICN,Matte Painter (On Site),"67,275.00 - +",TV,jul 2026
ICN,CG Supervisor,"120,000 - 140,000",TV,jul 2026
ICN,Lead Modeling / Texturing Artist,"90,000 - 130,000",TV,jan 2024
ICN,Senior Modeling / Texturing Artist (On-Site),"70,000 - 90,000 ",TV,sept 2025
ICN,Intermediate Modeling/Texturing Artist,"63,131.12 - 85,000",TV,aug 2026
ICN,Modeling/Texturing Artist,"60,000 - 80,000",TV,apr 2024
ICN,Modeling & Texturing Artist (On-Site),"45,000 - 90,000",TV,apr 2025
ICN,Intermediate Surfacing Artist (On-Site),"60,000 - 70,000",TV,nov 2024
ICN,Intermediate Asset Finaler (On-Site),"50,000 - 60,000",TV,apr 2025
ICN,Senior Rigging Artist,"80,730 - +",TV,jul 2026
ICN,Intermediate Rigging Artist (On-Site),"71,957.34 - +",TV,jul 2026
ICN,Junior Rigging Artist,"63,130.86 - +",TV,jul 2026
ICN,Senior Groom Artist,"70,000 - 80,000",TV,feb 2026
ICN,Animation Director,"90,000 - 115,000",TV,sept 2025
ICN,Lead Animator,80730 - +,TV,jul 2026
ICN,Development Animator ,"50,000 - 90,000",TV,sept 2025
ICN,Senior Animator,"69,966 - +",TV,jul 2026
ICN,Intermediate Animator,"60,000 - 75,000",TV,oct 2025
ICN,Junior Animator,"52,600 - +",TV,jul 2026
ICN,Animator,"52,600 - +",TV,aug 2026
ICN,Intermediate & Senior 2D FX Artist,"62,269.74 - +",TV,aug 2026
ICN,Senior Technical Animator,"64,584 - +",TV,jul 2026
ICN,Intermediate Technical Animator,"60,547.50 - 77,600",TV,aug 2026
ICN,Junior Technical Animator (On-Site),"45,000 - 55,000",TV,mar 2025
ICN,Technical Animator (On-Site),"51,774.84 - +",TV,jul 2026
ICN,FX Supervisor,"100,000 - 120,000",TV,jul 2025
ICN,FX Artist (On-Site),"55,000  - 95,000",TV,jul 2025
ICN,Houdini FX Artist,"45,000 - 95,000",TV,jan 2024
ICN,Senior FX Artist,"82,990.44 - 110,000",TV,aug 2026
ICN,Intermediate FX Artist,"74,863.88 - 85,000",TV,aug 2026
ICN,Lighting Supervisor (On-Site),"100,000 - 120,000",TV,feb 2026
ICN,Lead Lighting / Compositing Artist (On-Site),"80,730 - +",TV,aug 2026
ICN,Senior Lighting/Compositing Artist (On-Site),"74,809.80 - +",TV,aug 2026
ICN,Intermediate Lighting/Compositing Artist (On-Site),"66,467.70 - +",TV,aug 2026
ICN,Junior Lighing/Compositing Artist (On-Site),"58,125.60 - +",TV,aug 2026
ICN,Senior Pipeline TD,"80,000 - 95,000",TV,jul 2026
ICN,Pipeline TD,"70,000 - 90,000",TV,jul 2026
ICN,Junior Editor (Full-time Onsite),"50,000",TV,oct 2024
ICN,Post-Production Assistant Editor (On-Site),"60,000 - 65,000",TV,nov 2024
IE,VFX Supervisor,"180,000 - 220,000",Feature,mar 2025
IE,CG Supervisor,"143,000 - 165,000",Feature,apr 2025
IE,VFX Production Manager ,"91,000 - 106,000",Feature,jul 2024
IE,VFX Coordinator - Senior,"76,700  - 81,900",Feature,mar 2025
IE,VFX Coordinator - Mid,"66,300 - 71,500",Feature,mar 2025
IE,BG Prep Artist - Lead,"98,800 - 106,600",Feature,apr 2026
IE,BG Prep Artist - Senior,"80,600 - 91,000",Feature,feb 2025
IE,Modeler Organic&Hard Surface - Senior ,"106,000 - 124,000",Feature,mar 2025
IE,Organic Modeler - Mid,"80,600 - 93,600 ",Feature,mar 2025
IE,Hard Surface Modeler - Mid,"80,000 - 93,000",Feature,oct 2025
IE,Look Development Artist - Lead,"143,000 - 148,000",Feature,nov 2024
IE,Look Development Artist - Senior,"117,000 - 130,000",Feature,jan 2026
IE,Look Deveopment Artist - Mid,"91,000 - 104,000",Feature,sept 2025
IE,Look Deveopment Artist - Junior,"65,000 - 75,000",Feature,oct 2025
IE,Previs Animator,"93,600 - 109,200",Feature,mar 2025
IE,Animator - Lead,"136,500 - 140,400",Feature,mar 2025
IE,Animator - Senior,"105,000 - 122,000",Feature,mar 2025
IE,Animator - Mid,"78,000 - 93,000",Feature,mar 2025
IE,CFX TD - Lead,"136,500 - 140,400",Feature,mar 2025
IE,CFX TD - Senior,"111,800 - 123,500",Feature,oct 2025
IE,CFX TD - Mid,"80,000 - 98,000",Feature,apr 2025
IE,FX Supervisor,"150,000 - 156,000",Feature,aug 2026
IE,FX TD - Senior,"135,000 - 145,000",Feature,jan 2026
IE,FX TD - Senior,"111,800 - 123,500",Feature,jan 2026
IE,FX TD - Mid,"80,000 - 100,000",Feature,jan 2026
IE,FX TD - Mid,"70,000 - 100,000",Feature,apr 2025
IE,Lighting Supervisor,"149,500 - 156,000",Feature,jul 2025
IE,Lighting TD - Senior,"111,800 - 123,500",Feature,sept 2024
IE,Lighting TD - Mid,"80,000- 100,000",Feature,oct 2025
IE,BG Prep Artist - Senior,"80,600 - 91,000",Feature,apr 2025
IE,BG Prep Artist - Mid,"57,000 - 70,000",Feature,apr 2025
IE,Compositor - Lead,"135,000 - 140,000",Feature,feb 2025
IE,Compositor - Senior - Short Term ,"111,800 - 123,500",Feature,sept 2024
IE,Software Engineer - Renderg - Junior,"71,000 - 95,000",Feature,apr 2025
IE,Software Engineer - Rendering ,"71,000 -125,000",Feature,jul 2025
IE,Software Engineer - Tools,"109,200 - 125,000",Feature,jul 2025
IE,VFX Editor,"91,000 - 98,9000",Feature,oct 2025
ILM,Senior VFX Producer,"156,700 - 200,500",Feature,jun 2025
ILM,"Associate Production Manager, Feature Animation","67,000 - 85,700 ",Feature ,mar 2026
ILM,Pipeline TD Coordinator,"52,800 - 67,500",Feature,apr 2025
ILM,Modeling Supervisor,"137,300 - 175,800",Feature,jul 2024
ILM,Lead Creature Modeler,"122,400 - 156,800",Feature,jul 2024
ILM,Senior Creature Modeler,"110,600 - 141,500",Feature,dec 2024
ILM,Senior Creature Modeler (Facial Model),"110,600 - 141,500",Feature,mar 2025
ILM,Senior Hard Surface Modeler,"110,600 - 141,500",Feature,feb 2025
ILM,Look Development Supervisor,"140,000 - 179,200",Feature,apr 2025
ILM,Senior Look Development Technical Director,"110,600 - 141,500",Feature,oct 2025
ILM,Look Development Technical Director,"85,900 - 109,900",Feature,oct 2025
ILM,Texture Supervisor (Feature Animation & VFX),"140,000 - 179,200",Feature,dec 2024
ILM,Senior Texture Artist (Feature Animation & VFX),"110,600 - 141,500",Feature,dec 2024
ILM,Senior Look Development Technical Director,"110,600 - 141,500",Feature,jan 2026
ILM,Look Development Technical Director,"85,900 - 109,900",Feature,jan 2026
ILM,Lead Texture Artist,"122,400 - 156,800",Feature,oct 2025
ILM,Senior Texture Artist,"112,200 - 143,600 ",Feature,apr 2026
ILM,Texture Artist,"85,900 - 109,900",Feature,feb 2025
ILM,Animation Supervisor,"195,000 - 240,000",Feature,dec 2024
ILM,Senior Previs Animator,"108,400 - 138,800",Feature,jul 2024
ILM,Previs Animator,"84,100 - 107,700",Feature,jul 2024
ILM,Senior Animator,"112,200 - 143,600",Feature,jun 2026
ILM,Animator,"87,200 - 111,600",Feature,jun 2026
ILM,Crowd Supervisor,"159,000 - 193,900",Feature,mar 2026
ILM,Lead Crowd Technical Director,"142,200 - 173,300",Feature,apr 2026
ILM,Crowd Technical Director,"100,300 - 122,200",Feature,apr 2026
ILM,Creature Supervisor,"153,600 - 196,700",Feature,aug 2024
ILM,Lead Creature Technical Director,"122,400 - 156,800",Feature,nov 2024
ILM,Senior Creature Technical Director,"112,200 - 143,600",Feature,mar 2026
ILM,Groom Supervisor,"140,000 - 179,200",Feature,oct 2025
ILM,Lead Groom Artist,"124,900 - 159,900",Feature,oct 2025
ILM,Senior Groom Artist,"112,200 - 143,600",Feature,jan 2026
ILM,FX Supervisor,"153,600 - 187,300",Feature,sept 2024
ILM,Senior FX Technical Director,"126,700 - 154,600",Feature,may 2026
ILM,"Senior Effects Technical Director/Effects Dev, Feature Animation","126,700 - 154,600",Feature,mar 2026
ILM,FX Technical Director,"96,800 - 118,000",Feature,sept 2025
ILM,Lighting Supervisor,"137,300 - 175,800",Feature,jul 2024
ILM,Lead Lighting Technical Director,"122,400 - 156,800",Feature,jul 2024
ILM,Senior Lighting Technical Director,"110,600 - 141,500",Feature,may 2025
ILM,Lighting Technical Director,"87,200 - 111,600",Feature,may 2026
ILM,Environment Supervisor for Feature Animation,"156,600 - 200,600",Feature,mar 2025
ILM,Generalist (Environments) Supervisor,"153,600 - 196,700 ",Feature,jul 2024
ILM,Senior Generalist (Environments),"110,600 - 141,500",Feature,oct 2025
ILM,Generalist (Environments),"84,100 - 107,700",Feature,jul 2024
ILM,Generalist Artist - Digital Matte Painting for Feature Animation ,"87,200 - 111,600",Feature,apr 2026
ILM,Junior Environment Artist,"57,800 - 74,000",Feature,sept 2024
LIM,Senior Digital Paint Artist,"85,900 - 109,900",Feature,dec 2025
ILM,Digital Paint Artist,"66,100 - 84,500",Feature,dec 2025
ILM,Composting Supervisor ,"153,600 - 196,700",Feature,nov 2024
ILM,Senior Compositor,"126,700 - 162,400",Feature,may 2026
ILM,Compositor,"100,000 - 128,400",Feature,may 2026
ILM,VFX Editor,"66,100 - 84,500",Feature,jan 2025
ILM,Senior Pipeline Technical Director,"124,900 - 159,900",Feature,jan 2025
ILM,Senior Pipeline Technical Director,"122,400 - 156,800",Feature,sept 2024
ILM,"Pipeline Technical Director, Level II","108,400 - 138,800",Feature,oct 2024
ILM,R&D Engineer - 2D/Compositing,"92,800 - 124,400",Feature,dec 2024
KICKSTART,Consultant/Contractor,"83,200 - 124,800",Feature,sept 2024
KICKSTART,Line Producer,"104,000 - 114,400",TV,mar 2025
KICKSTART,Production Coordinator,"67,600 - 72,800",TV,sept 2025
KICKSTART,Director,"104,000 - 135,200",TV,aug 2026
KICKSTART,Storyboard Artist,"83,200 - 93,600",TV,sept 2025
KICKSTART,Storyboard Revisionist Artist,"67,600 - 72,800",TV,may 2025
KICKSTART,Designer,"83,200 - 93,600",TV,jun 2025
LUMA,Linux Systems Administrator (Mid to Senior Level),"110,000 - 150,000",Feature,sept 2024
LUMA,Production Coordinator,"41,600 - 72,800",Feature,mar 2025
LUMA,CG Supervisor,"185,000 - 230,000",Feature,mar 2025
LUMA,Asset Artists (Senior Level),"114,400 - 145,600",Feature,mar 2025
LUMA,Asset Artists (Mid to Senior),"41,600 - 124,800",Feature,aug 2024
LUMA,Lighting Artist (Mid to Senior),"41,600 - 124,800",Feature,aug 2024
LUMA,Lighting Artist (Senior Level),"114,400 - 135,200",Feature,nov 2024
LUMA,Compositor (Mid to Senior),"41,600 - 135,200",Feature,aug 2024
LUMA,Compositor (Senior Level ),"114,400 - 135,200",Feature,feb 2025
LUMA,Pipeline TD (Mid Level),"90,000 - 125,000",Feature,jun 2024
MF,Production Manager,"70,000 - 85,000",TV,nov 2024
MF,Production Coordinator,"60,000 - 70,000",TV,nov 2024
MF,Storyboard Revisionist - 3D,"55,000 - 70,000",TV,jul 2024
MF,Senior Designer (Sets - Orthos & Colour) - 3D,65.000 - 90.000,TV,jul 2024
MF,Senior Modeling Artist (Unreal) - 3D,"65,000 - 85,000",TV,oct 2024
MF,Senior Modeling Artist - 3D,"70,000 - 90,000",TV,apr 2024
MF,Modeling Artist - 3D,"60,000 - 80,000",TV,sept 2024
MF,Senior Surfacing Artist (Unreal) - 3D,"65,000 - 85,000",TV,jul 2024
MF,Surfacing Artist - 3D,"60,000 - 90,000",TV,jun 2024
MF,Senior Groom Artist - 3D,"80,000 - 105,000",TV,mar 2024
MF,Groom Artist - 3D,"65,000 - 85,000",TV,mar 2024
MF,Senior Foliage Artist - 3D,"65,000 - 85,000",TV,jun 2024
MF,Foliage Artist - 3D,"60,000 - 85,000",TV,aug 2024
MF,Senior Simulation (CFX) Artist - 3D (BC Based),"80,000 - 90,000",TV,apr 2025
MF,Simulation (CFX) Artist - 3D ,"65,000 - 90,000",TV,jan 2025
MF,Rigging Supervisor - 3D,"120,000 - 140,000",TV,may 2025
MF,Rigging Artist - 3D,"60,000 - 85,000",TV,sept 2024
MF,Animation Director - 3D,"110,000 - 120,000",TV,sept 2024
MF,Keyframe Animation Director,"95,000 - 104,000",TV,jan 2025
MF,Keyframe Animation Artist - 3D (BC Based),"60,000 - 75,000",TV,jan 2025
MF,Animator,"60,000 - 83,000",TV,apr 2026
MF,Crowd Artist - 3D,"60,000 - 75,000",TV,oct 2024
MF,Shot Finaling Artist - 3D ,"50,000 - 65,000",TV,jan 2025
MF,FX Supervisor - 3D,"100,000 - 124,800",TV,aug 2024
MF,Senior FX Artist - 3D,"75,000 - 86,000",TV,mar 2025
MF,FX Artist - 3D,"60,000 - 85,000",TV,aug 2025
MF,Lighting Supervisor - 3D,"100,000 - 130,000",TV,dec 2024
MF,Lighting Lead - 3D,"85,000 - 98,200",TV,dec 2024
MF,Lighting Artist - 3D,"65,000 - 85,000",TV,jan 2024
MF,Senior Unreal Lighting Artist,"70,000 - 90,000",TV,mar 2025
MF,Unreal CG Generalist,"65,000 - 90,000",TV,mar 2025
MF,Senior Compositing Artist - 3D,"70,000 - 85,000",TV,aug 2025
MF,Rigging Pipeline Supervisor,"100,000 - 120,000",TV,mar 2024
MF,Junior Pipeline TD,"60,000 - 70,000",TV,jul 2025
NAS,Production Manager,"95,000 - 141,000",Feature,jun 2026
NAS,Production Supervisor,"80,000 - 97,000",Feature,feb 2026
NAS,Production Coordinator,"60,000 - 74,000",Feature,mar 2026
NAS,Production Assisant,"49,000 - 55,000",Feature,feb 2026
NAS,Technical Trainer,"97,200 - 165,200",Feature,jun 2025
NAS,Training Coordinator,"64,000 - 87,000",Feature,jun 2025
NAS,Technology Coordinator ,"65,000 - 79,000",Feature,may 2026
NAS,"Director, Artist Management","209,000 - 300,000",Feature,dec 2025
NAS,Artist Manager,"116,000 - 183,000",Feature,feb 2026
NAS,"Manager, Artist Management ","150,000 - 182,000",Feature,dec 2025
NAS,Matte Painting Supervisor ,"180,000 - 230,000",Feature,mar 2026
NAS,Matte Painting Artist,"80,000 - 160,000",Feature,jun 2025
NAS,Technical Project Manager,"85,000 - 115,000",Feature,nov 2025
NAS,Technical Supervisor,"180,000 - 246,000",Feature,may 2026
NAS,Associate Technical Supervisor (Front-End) ,"160,000 - 200,000",Feature,aug 2026
NAS,Associate Technical Supervisor (Performance) ,"160,000 - 200,000",Feature,aug 2026
NAS,Associate Technical Supervisor (Back-End) ,"160,000 - 200,000",Feature,apr 2026
NAS,VFX Supervisor,"280,000 - 420,000",Feature,aug 2026
NAS,Head of Environments,"204,000 - 279,000",Feature,aug 2026
NAS,Environment Modeling Supervisor,"167,000 - 212,000",Feature,aug 2026
NAS,Modeling Technical Lead,"140,000 - 165,000",Feature,jun 2025
NAS,Modeling Artist,"80,000 - 160,000",Feature,jun 2025
NAS,Modeler,"70,000 - 150,000",Feature,mar 2026
NAS,Environment Surfacing Supervisor,"163,000 - 223,000",Feature,aug 2026
NAS,Surfacing Technical Lead,"140,000- 165,000",Feature,jun 2025
NAS,Surfacing Artist,"80,000 - 160,000",Feature,jun 2025
NAS,Rigging Lead ,"140,000 - 165,000",Feature ,jun 2025
NAS,Rigging Artist,"80,000 - 160,000",Feature ,jun 2025
NAS,Rigging Technical Assistant,"60,000 - 72,000",Feature,aug 2025
NAS,Previs Artist,"80,000 - 160,000",Feature,nov 2023
NAS,Final Layout Artist,"80,000 - 160,000",Feature,sept 2025
NAS,Head of Animation,"204,000 - 279,000",Feature,aug 2026
NAS,Animation Supervisor ,"160,000 - 221,00",Feature,mar 2026
NAS,Animator,"88,000 - 152,000",Feature,mar 2026
NAS,Crowds Artist,"105,000 - 152,000",Feature,mar 2026
NAS,Crowd/Fix Animator,"60,000 - 90,000",Feature ,may 2025
NAS,Head of Character FX,"205,000 - 259,000",Feature,mar 2026
NAS,CFX Artist,"80,000 - 160,000",Feature,feb 2025
NAS,Head of FX,"245,000 - 299,000",Feature,mar 2026
NAS,Effects Artist,"105,000 - 142,000",Feature,nov 2025
NAS,Lighting Supervisor ,"180,000 - 230,000",Feature,mar 2026
NAS,Lighting Artist,"80,000 - 150,000",Feature,sept 2025
NAS,Lighting Technical Assistant ,"65,000 - 100,000",Feature,oct 2025
NAS,Compositor Technical,"109,000 - 148,000",Feature,mar 2026
NAS,Compositor,"70,000 - 140,000",Feature,mar 2026
NAS,Asset Assembly Technical Assistant ,"60,000 - 73,000",Feature ,jan 2026
NAS,Performance Technical Director,"100,000 - 140,000 ",Feature,jan 2026
NAS,Performance Technical Assistant,"89,000 - 100,000",Feature,nov 2025
NAS,Pre-Production Technical Director ,"120,000 - 180,000",Feature,may 2026
NAS,Technical Director Core Assets ,"120,000 - 180,000",Feature,may 2026
NAS,Previs Technical Director ,"105,000 - 165,000",Feature,aug 2025
NAS,Technical Director PaFX ,"120,000 - 180,000",Feature,may 2026
NAS,CFX Technical Assistant ,"72,000 - 100,000",Feature,jan 2026
NAS,Technical Director Lighting,"120,000 - 180,000",Feature,may 2026
NAS,Imaging Technical Director,"105,000 - 165,000",Feature,aug 2025
NAS,Software Engineer - Rendering ,"124,000 - 179,000",Feature,may 2026
NAS,Software Engineer - Procedural Geometry & Simulation,"120,000 - 210,000",Feature,mar 2025
NAS,Software Engineer - Animation & Rigging,"150,000 - 200,000",Feature ,aug 2025
NAS,Software Engineer - Pipeline,"120,000 - 185,000",Feature,aug 2025
NAS,Software Engineer Production Systems,"124,000 - 179,000",Feature,aug 2026
NAS,Post Engineer,"66,000 - 91,500",Feature,aug 2026
NGX,3D Artist (Intermediate),"64,000 - 75,000",Interactive,sept 2025
SPI,Production Coordinator,"46,509 - 53,997",Realtime Visualization,may 2025
SPI,Feature Production Department Associate Manager,"66,750 - 72,000",Feature,jan 2026
SPI,Associate Production Manager,"66,750 - 73,000",Feature,nov 2025
SPI,Assistant Production Manager,"66,000 - 72,000",Feature,jul 2025
SPI,"Production Coordinator, Senior","53,996.80 - 56,160",Feature,jul 2025
SPI,"Production Coordinator, Intermediate","46,508.80 - 49,920",Feature,jul 2025
SPI,Pruduction Office Coordinator,"42,120 - 50,960",Feature,sept 2025
SPI,Production Assisant,"37,440",Feature,jul 2025
SPI,Artist Manager,"90,000 - 100,000",Featyre,nov 2025
SPI,CG Supervisor,"156,000 - 204,750",Feature,aug 2026
SPI,Modeler (senior),"93,745.6 - 125,008",Feature,aug 2026
SPI,Modeler (mid),"75,004.8 - 100,006.4",Feature,aug 2026
SPI,Modeler (associate),"53,996.8 - 72,009.6",Feature,nov 2023
SPI,Look development Lead,"102,689.6 - 149,593.6",Feature ,jul 2025
SPI,Texture Artist (senior),"93,745.60 - 125,008",Feature,aug 2026
SPI,Texture Artist (mid),"75,004.8 - 100,006.4",Feature,aug 2026
SPI,Texture Artist (associate),"53,996.8 - 72,009.6",Feature,aug 2026
SPI,Senior Look Development Artist,"94,307.20 - 135,408",Feature,nov 2026
SPI,Look development Artist (mid),"78,000 - 111,904",Feature,nov 2026
SPI,Look development artist (associate),"60,507 - 83,158",Feature,jul 2024
SPI,Rigging Supervisor,"129,000 - 175,000",Feature,jul 2025
SPI,Rigger (senior),"93,745.60 - 125,008",Feature,aug 2026
SPI,Rigger (mid),"75,004.8 - 100,006.4
",Feature,aug 2026
SPI,Rigger (associate),"53,996.8 - 72,009.6
",Feature,aug 2026
SPI,Layout Artist (senior),"91,998.4 - 120,744",Feature,aug 2026
SPI,Layout Artist (mid),"70,408 - 92,393.60",Feature,aug 2026
SPI,Layout Artist (associate),"52,000 - 71,510.40",Feature,aug 2026
SPI,Scene Assembly Artist (mid),"70,408 - 92,393.60",Feature,apr 2026
SPI,Scene Assembly Artist (associate),"52,000 - 71,510.40 ",Feature,apr 2026
SPI,Head of Animation,"148,500 - 207,900",Feature,aug 2026
SPI,Animator (senior),"94,310 - 121,700",Feature,aug 2026
SPI,Animator (mid),"75,004.8 - 94,993.6",Feature,aug 2026
SPI,Animator (associate),"53.996.8 - 68,390.4",Feature,aug 2026
SPI,Crowd FX,"75,000 - 100,000",Feature,apr 2026
SPI,CFX Artist (senior),"93,745.60 - 125,008",Feature,aug 2026
SPI,CFX Artist (mid),"75,004.80 - 100,006.40",Feature,aug 2026
SPI,CFX Artist (associate),"53,996.80 - 72,009.60",Feature,aug 2026
SPI,CFX Pipeline Tech,"75,000 - 115,000",Feature,aug 2026
SPI,FX Artist (senior),"93,745.6 - 137,508.8",Feature,aug 2026
SPI,FX Artist (mid),"75,004.80 - 100,006.40",Feature,aug 2026
SPI,FX Artist (associate),"55,099.20 - 75,608",Feature,aug 2026
SPI,FX Look Department Specialist,"129,000 - 185,250",Feature,may 2024
SPI,Lighter (senior),"93,745.60 - 126,006.40",Feature,aug 2026
SPI,Lighter (mid),"75,004.80 - 100,006.40",Feature,aug 2026
SPI,Lighter (associate),"53,996.80 - 72,009.60",Feature,aug 2026
SPI,Lighting Artist Unreal (senior),"93,745.6 - 126,006.4",Feature,jun 2026
SPI,Lighting Artist Unreal (mid),"78,000 - 111,904",Feature,dec 2025
SPI,Look of Picture Technical Director (intermediate),"75,004.8 - 100,006.4",Feature,aug 2026
SPI,Look of Picture Technical Director (associate),"54,995.2 - 75,545.6",Feature,aug 2026
SPI,Matte Painting Supervisor,"129,000 - 184,000",Feature,oct 2025
SPI,Matte Painter (Associate),"54,995.2 - 75,545.60",Feature,jan 2026
SPI,Matte Painter (Intermediate),"78,000 - 111,904",Feature,jan 2027
SPI,Environment Lead,"104,707 - 135,096",Feature,sept 2024
SPI,Senior Environment Artist,"94,310 - 135,410",Feature,sept 2024
SPI,Environment Artist,"75,004.80 - 100,006.40",Feature,aug 2025
SPI,Compositor (senior),"93,745.60 - 131,248",Feature,aug 2026
SPI,Compositor (mid),"75,004.80 - 104,998.40",Feature,aug 2026
SPI,Compositor (associate),"53,996.80 - 72,009.60",Feature,aug 2026
SPI,Nuke Tools Specialist,"129,000 - 185,250",Feature,may 2024
SPI,"Senior Software Engineer, Application","104,200 - 150,000",Feature,aug 2026
SPI,Pipeline TD (senior),"93,745.6 - 126,008",Feature,aug 2026
SPI,Pipeline TD (mid),"75,004.8 - 100,006.4",Feature,aug 2026
SPI,Pipeline TD (associate),"53,996.8 - 72,009.6",Feature,aug 2026
SPI,Environment Workflow TD,"104,707 - 134,992",Feature,sept 2024
SPI,CFX Pipeline Tech,"75,000 - 115,000",Feature,jan 2026
SPI,Animation TD,"53,996.8 - 72,072",Feature,aug 2026
SPI,Associate Technical Director,"54,995.2 - 75,545.6",Feature,aug 2026
SPI,Associate Software Enginneer,"62,000 - 68,000",Feature,apr 2026
SPI,Software Engineer - Rigging,"79,000 - 119,000",Feature,apr 2026
SPI,Simulation (Houdini) - Technical Engineer,"100,000 - 120,000",Feature,apr 2026
SPI,Color Scientist - Intermediate Specialist,"107,400 - 134,300",Feature,apr 2026
SPI,Senior Pipeline Developer - Open Digital Asset ,"104,200 - 150,000",Feature,apr 2026
STC,Background Painters/ Concept Artists,"75,000 - 85,000",TV,aug 2026
STC,Modeling Artist,"57,000 - 85,000",TV,jul 2026
STC,SurfacingArtist,"57,000 - 85,001",TV,jul 2026
STC,Rigging Artist,"57,000 - 90,000",TV,jul 2026
STC,2D Layout Artist,"75,000 - 85,000",TV,aug 2026
STC,Previs/Layout Supervisor,"100,000 - 120,000",TV,jul 2026
STC,Animation Lead,"89,000 - 93,000",TV,aug 2026
STC,CG Animator,"73,000 - 88,000",TV,aug 2026
STC,Crowd TD,"93,000 - 103,000",TV,aug 2026
TIM,Production Manager,"69,293.12 - 80,600",TV,jan 2026
TIM,Production Coordinator,"58,760 - 65,000",TV,jan 2026
TIM,2D Adobe Animate/Flash Animator,"49,400 - 67,600",TV,oct 2024
TIM,Hand-drawn Harmony Animator,"49,400 - 67,600",TV,oct 2024
TIM,Scene Set Up Artist,"52,000 - 57,200",TV,apr 2026
TIM,Character Layout Artist,"59,280 - 59,800",TV,apr 2026
TIM,Animator,"51,480 - 66,300",TV,apr 2026
TIM,Builds / Rigging Artist,"59,280 - 70,200",TV,apr 2026
TIM,Background Layout Superviso,"78,000 - 88,400",TV,apr 2026
WB,"Series Director, CG ","112,320 - 143,000",TV,aug 2024
WB,"Director, 2D","78,000 - 127,400",TV,mar 2025
WB,"Producer, 2D","88,400 - 127,400",TV,mar 2025
WB,Associate Producer CG,"88,400 - 109,200",TV,sept 2024
WB,Line Producer,"130,000 - 189,800",Feature,mar 2026
WB,Line Producer,"104,000 - 127,400",TV,may 2026
WB,Line Producder (Digital),"98,800 - 111,800",TV,apr 2026
WB,"Production Manager, CG","74,360 - 88,400",TV,may 2026
WB,Production Supervisor,"67,600 - 89,440",TV,dec 2023
WB,"Production Supervisor, CG ","68,640 - 89,700",Feature,mar 2024
WB,"Production Coordinator, CG","52,000 - 72,800",Feature,apr 2025
WB,Production Coordinator,"54,600 - 81,900",TV,aug 2025
WB,"Production Designer, CG","164,996 - 184,964",TV,feb 2025
WB,"Associate Producer, 2D ","88,400 - 104,000",TV,aug 2025
WB,"Associate Producer, CG","98,800 - 106,600",TV,may 2026
WB,"Art Director, 2D","114,400 - 135,200",TV,apr 2025
WB,"Art Director, CG","103,480 - 109.200",TV,may 2026
WB,Character Designer (CG),"78,000 - 127,400",Feature,aug 2024
WB,"Colour Key Artist, CG","78,000 - 127,400",Feature,feb 2025
WB,"Senior Designer, CG","72,800 - 83,200",TV,jul 2026
WB,"Intermediate Designer, CG","52,000 - 91,000",TV,sept 2024
WB,"Designer (Vehicles), CG ","52,000 - 88,400",TV,apr 2025
WB,Designer,"59,800 - 89,700",TV,aug 2025
WB,"BG Designer, 2D ","52,000 - 89,700",TV,apr 2025
WB,Storyboard Artist,"75,140 - 100,100",TV,aug 2025
WB,CG Supervisor,"130,000 - 163,800",Feature,aug 2026
WB,Head of CG Assets ,"165,100 - 184,600",TV,apr 2025
WB,"Modeling/Surfacing Supervisor, CG","109,980 - 149,968",TV,jun 2025
WB,Modeling/Surfacing Supervisor (CG) - Character ,"120,172 - 130,000",Feature,may 2026
WB,Senior Character Modeler (Short Term Contract) ,"80,600 - 100,100",TV,oct 2024
WB,Surfacing Tech Artist (Unreal Experienced) ,"52,000 - 78,000",TV,may 2025
WB,Rigging Supervisor,"121,940 - 18,000",Feature,jul 2026
WB,Senior Rigging TD,"78,000 - 109,200",TV,apr 2024
WB,Rigging TD,"67,600 - 98,800",TV,apr 2024
WB,Grooming Supervisor,"123,500 - 149,968",Feature,aug 2026
WB,Groom Supervisor ,"109,980 - 149,968",TV,apr 2025
WB,CFX Supervisor ,"140,000 - 150,000",TV,may 2024
WB,Head of Cinematography (Layout),"160,000 - 175,000",TV,apr 2024
WB,Senior Previs/Layout Artist - Feature ,"93,600 - 130,000",Feature,nov 2024
WB,"Senior Animator, CG ","52,000 - 78,000",TV,jan 2024
WB,"Animator, CG","54,600",TV,apr 2026
WB,Crowd Supervisor ,"109,980 - 149,968",TV,apr 2024
WB,Head of FX,"160,000 - 175,000",TV,mar 2024
WB,FX Supervisor,"130,000 - 182,000",Feature,jul 2026
WB,"FX Supervisor, CG","104,000 - 127,400",TV,oct 2025
WB,"FX Supervisor, CG (Unreal) ","104,000 - 130,000",TV,aug 2025
WB,"Senior FX Artist, CG (Unreal) ","54,600 - 96,200",TV,mar 2025
WB,"Senior FX Artist, CG (Unreal) ","80,340 - 91,000",TV,sept 2025
WB,"Senior FX Artist, CG (Houdini)","80,340 - 104,000",TV,nov 2025
WB,"Head of Lighting, CG","165,100 - 184,600",TV,may 2025
WB,"Lighting/Compositing Supervisor, CG (Gaffer)","109,200 - 150,800",TV,dec 2025
WB,"Lighting Supervisor, CG ","78,000 - 119,600",TV,apr 2024
WB,"Lighting/Compositing Supervisor, CG (Unreal) ","75,400 - 119,600",TV,dec 2023
WB,Lead Lighter/Compositor ,"78,000 - 119,600",TV,aug 2024
WB,"Lead Lighter/Compositor, CG (Unreal) ","75,400 - 119,600",TV,dec 2023
WB,"Senior Lighter/Compositor, CG (Gaffer) (2 months contract)","72,280 - 101,400",TV,dec 2025
WB,"Senior Lighter/Compositor, CG (Unreal) ","54,600 - 88,400",TV,dec 2023
WB,"Lighter/Compositor, CG (Unreal) ","56,160",TV,dec 2025
WB,"Lighter/Compositor, CG (Unreal) ","54,600 - 88,400",TV,dec 2023
WB,"Head of Compositing, CG","165,100 - 184,600",TV,may 2025
WB,Compositing Supervisor - Feature,"144,977 - 160,004",Feature,jan 2025
WB,Render Wranger,"40,000",TV,dec 2025
WB,"Director, Technology (Software) ","170,000 - 185,000",TV,jun 2024
WB,Show TD,"97,500 - 109,200",Feature,aug 2026
WB,Lead Pipeline TD-Houdini,"119,600 - 158,600",TV,dec 2024
WB,Senior Pipeline TD-Houdini,"80,600 - 154,960",TV,oct 2024
WB,CFX TD,"78,000 - 117,000",TV,may 2024
WB,FX TD,"78,000 - 117,000",TV,may 2024
WB,Groom TD,"78,000 - 117,000",TV,may 2024
WB,Pipeline TD-Maya ,"78,000 - 117,000",TV,oct 2024
WB,Pipeline TD-Flow ,"77,000 - 117,000",TV,may 2025
WB,Lead Pipeline TD-2D ,"119,600 - 158,600",TV,mar 2025
WB,"Technical Lead, 2D","75,816 - 88,400",TV,aug 2025
WB,Senior Pipeline Developer,"80,500 - 145,000",TV,may 2025
WB,Pipeline Software Developer (Houdin/Katana),"75,000 - 125,000",TV,jul 2026
WETA,Layout Environment TD,"89,440 - 110,240",Feature,oct 2024
WETA,FX TD,"104,000 - 124,800",Feature,mar 2025
WDAS,Production Coordinator,"55,600 - 71,900",Feature,jan 2026
WDAS,Production Assisant,"49,600 - 64,200",Feature,jan 2026
WDAS,CG Supervisor,"180,000 - 215,000",Feature,nov 2023
WDAS,Environment Modeler,"90,400 - 150,500",Feature,feb 2026
WDAS,Environment Look Development Artist,"90,400 - 150,500",Feature,feb 2026
WDAS,Director of Cinematography - Layout,"178,500 - 231,000",Feature,apr 2024
WDAS,Layout Artist,"79,300 - 150,500",Feature,dec 2025
WDAS,Layout Finaling Artist,"79,300 - 150,500",Feature,mar 2026
WDAS,Rigging Supervisor,"142,290 - 184,140",Feature,sept 2024
WDAS,Rigging TD,"87,210 - 145,420",Feature,mar 2024
WDAS,Crowd Artist,"112,370 - 145,420",Feature,may 2024
WDAS,Crowd/Fix Animator,"87,210 - 100,000",Feature,mar 2024
WDAS,Animator (Contract),"100,300 - 145,420",Feature,mar 2024
WDAS,CFX Artist (Contract),"79,300 - 150,500",Feature,dec 2025
WDAS,FX Artist,"90,400 - 160,000",Feature,feb 2026
WDAS,Lighting Artist,"112,370 - 145,420",Feature,apr 2024
WDAS,General Technical Director,"112,370 - 145,420",Feature,feb 2024
WDAS,Assistant TD,"87,210 - 95,000",Feature,may 2024
WDAS,Set Extension Supervisor (DMP),"142,290 - 184,140",Feature,sept 2024
WDAS,Set Extension Artist,"90,400 - 150,500",Feature,feb 2026
ZS,VFX Producer,"120,000 - 140,000",Feature,oct 2024
ZS,VFX Production Manager,"72,800 - 93,600",Feature,jun 2024
ZS,VFX Production Manager,"93,600 - 114,400",Feature,feb 2025
ZS,Assistant Production Manager (APM),"72,800 - 93,600",Feature,oct 2024
ZS,CG Supervisor,"140,000 - 165,000",Feature,oct 2025
ZS,CG Supervisor,"150,000 - 160,000",Feature,jun 2024
ZS,VFX Visual Development Artist/Concept Artist,"93,600 - 135,200",Feature,oct 2025
ZS,CG Character Asset Artist,"72,800 - 114,400",Feature ,oct 2025
ZS,Senior CG Look Development Artist (Characters),"93,600 - 135,200",Feature,oct 2025
ZS,Senior Texture Artist,"93,600 - 135,200",Feature,oct 2024
ZS,Senior Environments Look Dev Artist,"93,600 - 135,200",Feature,jun 2025
ZS,Senior VFX Rigger,"93,600 - 135,200",Feature,aug 2024
ZS,Matchmove Artist,"72,800 - 93,600",Feature,nov 2024
ZS,Senior VFX Layout Artist,"93,600 - 114,400",Feature,jun 2024
ZS,VFX Layout Artist,"72,800 - 93,600",Feature,jun 2024
ZS,Lead Animator,"104,000 - 135,200",Feature,jun 2024
ZS,Senior Animator,"104,000 - 135,200",Feature,jun 2024
ZS,Animator,"72,800 - 93,600",Feature,jun 2024
ZS,Senior CFX Artist,"104,000 - 135,200",Feature,jun 2024
ZS,CFX Artist,"72,800 - 93,600",Feature,jun 2024
ZS,Senior Groom Artist,"104,000 - 135,200",Feature,aug 2024
ZS,Lead Houdini Crowd Artist,"114,400 - 135,200",Feature,jun 2024
ZS,Senior Houdini Crowd Artist,"104,000 - 135,200",Feature,jun 2024
ZS,Senior FX Artist,"104,000 - 135,200",Feature,jun 2024
ZS,FX Artist,"72,800 - 93,600",Feature,jun 2024
ZS,Senior Lighting Artist,"104,000 - 135,200",Feature,jun 2024
ZS,Senior Houdini Lighting Artist,"104,000 - 135,200",Feature,nov 2024
ZS,Digital Matte Painter,"93,600 - 135,200",Feature,dec 2024
ZS,Environment Artist,"72,800 - 114,400",Feature,apr 2025
ZS,Senior Rotoscope/Paint Artist,"72,800 - 93,600",Feature,jun 2024
ZS,Rotoscope/Paint Artist,"72,800 - 93,600",Feature,jun 2024
ZS,2D Lead,"114,400 - 135,200",Feature,dec 2024
ZS,Senior Compositor,"93,600 - 135,200",Feature,aug 2024
ZS,Nuke Pipeline Developer,"93,600 - 135,200",Feature,sept 2024
ZS,Senior Render Pipeline Technical Director,"83,200 - 114,400",Feature,oct 2024
ZS,Senior Houdini Groom/CFX TD,"104,000 - 135,20",Feature,oct 2024
ZS,FX Pipeline Technical Director (TD) ,"93,600 - 135,200",Feature,mar 2025
ZS,VFX Animation Technical Director (TD),"93,600 - 135,200",Feature,jun 2025